{"accuracy": [0.5901100039482117, 0.6255531907081604, 0.6625390648841858, 0.6865535378456116, 0.7093703150749207, 0.7260159850120544, 0.7394340634346008, 0.7449149489402771, 0.7556737661361694, 0.7635093927383423, 0.7693963050842285, 0.773557722568512, 0.7762575745582581, 0.7834233045578003], "loss": [0.27782025933265686, 0.26159876585006714, 0.25476542115211487, 0.25008121132850647, 0.2465295046567917, 0.2436007559299469, 0.2413095384836197, 0.23923759162425995, 0.23741415143013, 0.23564352095127106, 0.2342125028371811, 0.23286977410316467, 0.23176847398281097, 0.23063132166862488], "val_accuracy": [0.6165151000022888, 0.6936505436897278, 0.6948684453964233, 0.6933257579803467, 0.7171159386634827, 0.7169535756111145, 0.7243423461914062, 0.7252354621887207, 0.7370087504386902, 0.728564441204071, 0.7386326789855957, 0.7379831075668335, 0.728970468044281, 0.7376583218574524], "val_loss": [0.26494860649108887, 0.26062291860580444, 0.25433215498924255, 0.25103652477264404, 0.25163280963897705, 0.2505078613758087, 0.2499619722366333, 0.24982835352420807, 0.24945664405822754, 0.25047412514686584, 0.24902720749378204, 0.25080668926239014, 0.2505977749824524, 0.25052937865257263]}